Server, localhost 54321, , 0.21963381767272949219
Server, localhost 54321, , 0.22252774238586425781
Client, localhost 54321 9550.txt, 1 2, 0.26351761817932128906
Client, localhost 54321 9550.txt, 1 2, 0.26543903350830078125
Client, localhost 54321 9550.txt, 1 2, 0.26546978950500488281
Client, localhost 54321 9550.txt, 1 2, 0.26644563674926757812
Client, localhost 54321 9550.txt, 1 2, 0.26836729049682617188
Client, localhost 54321 9550.txt, 1 2, 0.25963902473449707031
Client, localhost 54321 9550.txt, 1 2, 0.25963902473449707031
Client, localhost 54321 9550.txt, 1 2, 0.26159167289733886719
Client, localhost 54321 9550.txt, 1 2, 0.26256990432739257812
Client, localhost 54321 9550.txt, 1 2, 0.26842212677001953125
Client, localhost 54321 9550.txt, 1 2, 0.26056694984436035156
Client, localhost 54321 9550.txt, 1 2, 0.26351881027221679688
Client, localhost 54321 9550.txt, 1 2, 0.26837468147277832031
Client, localhost 54321 9550.txt, 1 2, 0.26839852333068847656
Client, localhost 54321 9550.txt, 1 2, 0.27038216590881347656
Client, localhost 54321 9550.txt, 1 2, 0.25958466529846191406
Client, localhost 54321 9550.txt, 1 2, 0.25961613655090332031
Client, localhost 54321 9550.txt, 1 2, 0.26254296302795410156
Client, localhost 54321 9550.txt, 1 2, 0.26254296302795410156
Client, localhost 54321 9550.txt, 1 2, 0.26543974876403808594
Client, localhost 54321 9550.txt, 1 2, 0.26937627792358398438
Client, localhost 54321 9550.txt, 1 2, 0.26937556266784667969
Client, localhost 54321 9550.txt, 1 2, 0.27620697021484375000
Client, localhost 54321 9550.txt, 1 2, 0.28011035919189453125
Client, localhost 54321 9550.txt, 1 2, 0.28596687316894531250
Client, localhost 54321 9550.txt, 1 2, 0.26352000236511230469
Client, localhost 54321 9550.txt, 1 2, 0.26546859741210937500
Client, localhost 54321 9550.txt, 1 2, 0.26937270164489746094
Client, localhost 54321 9550.txt, 1 2, 0.27034854888916015625
Client, localhost 54321 9550.txt, 1 2, 0.27132415771484375000
Client, localhost 54321 9550.txt, 1 2, 0.25961518287658691406
Client, localhost 54321 9550.txt, 1 2, 0.26744890213012695312
Client, localhost 54321 9550.txt, 1 2, 0.26744890213012695312
Client, localhost 54321 9550.txt, 1 2, 0.26937603950500488281
Client, localhost 54321 9550.txt, 1 2, 0.27035260200500488281
Client, localhost 54321 9550.txt, 1 2, 0.25862002372741699219
Client, localhost 54321 9550.txt, 1 2, 0.26057219505310058594
Client, localhost 54321 9550.txt, 1 2, 0.26839995384216308594
Client, localhost 54321 9550.txt, 1 2, 0.27132701873779296875
Client, localhost 54321 9550.txt, 1 2, 0.27130842208862304688
Client, localhost 54321 9550.txt, 1 2, 0.26254105567932128906
Client, localhost 54321 9550.txt, 1 2, 0.26354479789733886719
Client, localhost 54321 9550.txt, 1 2, 0.26648116111755371094
Client, localhost 54321 9550.txt, 1 2, 0.27132582664489746094
Client, localhost 54321 9550.txt, 1 2, 0.27526330947875976562
Client, localhost 54321 9550.txt, 1 2, 0.28007793426513671875
Client, localhost 54321 9550.txt, 1 2, 0.28886318206787109375
Client, localhost 54321 9550.txt, 1 2, 0.28791975975036621094
Client, localhost 54321 9550.txt, 1 2, 0.28889584541320800781
Client, localhost 54321 9550.txt, 1 2, 0.29283237457275390625
Client, localhost 54321 9550.txt, 1 2, 0.26547145843505859375
Client, localhost 54321 9550.txt, 1 2, 0.26740360260009765625
Client, localhost 54321 9550.txt, 1 2, 0.26740360260009765625
Client, localhost 54321 9550.txt, 1 2, 0.27325892448425292969
Client, localhost 54321 9550.txt, 1 2, 0.27423524856567382812
Client, localhost 54321 9550.txt, 1 2, 0.26254439353942871094
Client, localhost 54321 9550.txt, 1 2, 0.26840281486511230469
Client, localhost 54321 9550.txt, 1 2, 0.26840066909790039062
Client, localhost 54321 9550.txt, 1 2, 0.27035236358642578125
Client, localhost 54321 9550.txt, 1 2, 0.27330899238586425781
Client, localhost 54321 9550.txt, 1 2, 0.26156497001647949219
Client, localhost 54321 9550.txt, 1 2, 0.26644754409790039062
Client, localhost 54321 9550.txt, 1 2, 0.26934480667114257812
Client, localhost 54321 9550.txt, 1 2, 0.27327871322631835938
Client, localhost 54321 9550.txt, 1 2, 0.27425456047058105469
Client, localhost 54321 9550.txt, 1 2, 0.27425432205200195312
Client, localhost 54321 9550.txt, 1 2, 0.27523064613342285156
Client, localhost 54321 9550.txt, 1 2, 0.27913594245910644531
Client, localhost 54321 9550.txt, 1 2, 0.27913427352905273438
Client, localhost 54321 9550.txt, 1 2, 0.28889369964599609375
Client, localhost 54321 9550.txt, 1 2, 0.28011059761047363281
Client, localhost 54321 9550.txt, 1 2, 0.28108668327331542969
Client, localhost 54321 9550.txt, 1 2, 0.28108668327331542969
Client, localhost 54321 9550.txt, 1 2, 0.28206276893615722656
Client, localhost 54321 9550.txt, 1 2, 0.28404974937438964844
Client, localhost 54321 9550.txt, 1 2, 0.26836538314819335938
Client, localhost 54321 9550.txt, 1 2, 0.27132940292358398438
Client, localhost 54321 9550.txt, 1 2, 0.27132940292358398438
Client, localhost 54321 9550.txt, 1 2, 0.27815818786621093750
Client, localhost 54321 9550.txt, 1 2, 0.28105163574218750000
Client, localhost 54321 9550.txt, 1 2, 0.25864005088806152344
Client, localhost 54321 9550.txt, 1 2, 0.26254367828369140625
Client, localhost 54321 9550.txt, 1 2, 0.26156830787658691406
Client, localhost 54321 9550.txt, 1 2, 0.26547551155090332031
Client, localhost 54321 9550.txt, 1 2, 0.27132749557495117188
Client, localhost 54321 9550.txt, 1 2, 0.27035069465637207031
Client, localhost 54321 9550.txt, 1 2, 0.27425408363342285156
Client, localhost 54321 9550.txt, 1 2, 0.27523112297058105469
Client, localhost 54321 9550.txt, 1 2, 0.27425336837768554688
Client, localhost 54321 9550.txt, 1 2, 0.27815890312194824219
Client, localhost 54321 9550.txt, 1 2, 0.27718281745910644531
Client, localhost 54321 9550.txt, 1 2, 0.28011083602905273438
Client, localhost 54321 9550.txt, 1 2, 0.28011107444763183594
Client, localhost 54321 9550.txt, 1 2, 0.28303694725036621094
Client, localhost 54321 9550.txt, 1 2, 0.28206253051757812500
Client, localhost 54321 9550.txt, 1 2, 0.28108620643615722656
Client, localhost 54321 9550.txt, 1 2, 0.28303790092468261719
Client, localhost 54321 9550.txt, 1 2, 0.28694295883178710938
Client, localhost 54321 9550.txt, 1 2, 0.28596591949462890625
Client, localhost 54321 9550.txt, 1 2, 0.28596591949462890625
Client, localhost 54321 9550.txt, 1 2, 0.27230358123779296875
Client, localhost 54321 9550.txt, 1 2, 0.27523231506347656250
Client, localhost 54321 9550.txt, 1 2, 0.27620816230773925781
Client, localhost 54321 9550.txt, 1 2, 0.27819156646728515625
Client, localhost 54321 9550.txt, 1 2, 0.28014230728149414062
Client, localhost 54321 9550.txt, 1 2, 0.26934361457824707031
Client, localhost 54321 9550.txt, 1 2, 0.26839804649353027344
Client, localhost 54321 9550.txt, 1 2, 0.26839804649353027344
Client, localhost 54321 9550.txt, 1 2, 0.27227187156677246094
Client, localhost 54321 9550.txt, 1 2, 0.27425551414489746094
Client, localhost 54321 9550.txt, 1 2, 0.25863718986511230469
Client, localhost 54321 9550.txt, 1 2, 0.26059055328369140625
Client, localhost 54321 9550.txt, 1 2, 0.26839685440063476562
Client, localhost 54321 9550.txt, 1 2, 0.27034902572631835938
Client, localhost 54321 9550.txt, 1 2, 0.30938982963562011719
Client, localhost 54321 9550.txt, 1 2, 0.26156687736511230469
Client, localhost 54321 9550.txt, 1 2, 0.26254320144653320312
Client, localhost 54321 9550.txt, 1 2, 0.26742172241210937500
Client, localhost 54321 9550.txt, 1 2, 0.27035069465637207031
Client, localhost 54321 9550.txt, 1 2, 0.27230310440063476562
Client, localhost 54321 9550.txt, 1 2, 0.28304219245910644531
Client, localhost 54321 9550.txt, 1 2, 0.28987264633178710938
Client, localhost 54321 9550.txt, 1 2, 0.29182457923889160156
Client, localhost 54321 9550.txt, 1 2, 0.29377698898315429688
Client, localhost 54321 9550.txt, 1 2, 0.29475283622741699219
Client, localhost 54321 9550.txt, 1 2, 0.25766301155090332031
Client, localhost 54321 9550.txt, 1 2, 0.26254296302795410156
Client, localhost 54321 9550.txt, 1 2, 0.26548504829406738281
Client, localhost 54321 9550.txt, 1 2, 0.26742339134216308594
Client, localhost 54321 9550.txt, 1 2, 0.26839876174926757812
Client, localhost 54321 9550.txt, 1 2, 0.25961589813232421875
Client, localhost 54321 9550.txt, 1 2, 0.26254415512084960938
Client, localhost 54321 9550.txt, 1 2, 0.26742148399353027344
Client, localhost 54321 9550.txt, 1 2, 0.27132582664489746094
Client, localhost 54321 9550.txt, 1 2, 0.27132582664489746094
Client, localhost 54321 9550.txt, 1 2, 0.26449418067932128906
Client, localhost 54321 9550.txt, 1 2, 0.26645207405090332031
Client, localhost 54321 9550.txt, 1 2, 0.26742243766784667969
Client, localhost 54321 9550.txt, 1 2, 0.26937508583068847656
Client, localhost 54321 9550.txt, 1 2, 0.29087924957275390625
Client, localhost 54321 9550.txt, 1 2, 0.26059079170227050781
Client, localhost 54321 9550.txt, 1 2, 0.26348590850830078125
Client, localhost 54321 9550.txt, 1 2, 0.26254272460937500000
Client, localhost 54321 9550.txt, 1 2, 0.26547598838806152344
Client, localhost 54321 9550.txt, 1 2, 0.26739001274108886719
Client, localhost 54321 9550.txt, 1 2, 0.28499126434326171875
Client, localhost 54321 9550.txt, 1 2, 0.28987145423889160156
Client, localhost 54321 9550.txt, 1 2, 0.29182314872741699219
Client, localhost 54321 9550.txt, 1 2, 0.29279947280883789062
Client, localhost 54321 9550.txt, 1 2, 0.29865527153015136719
Client, localhost 54321 9550.txt, 1 2, 0.27035140991210937500
Client, localhost 54321 9550.txt, 1 2, 0.26937556266784667969
Client, localhost 54321 9550.txt, 1 2, 0.27132701873779296875
Client, localhost 54321 9550.txt, 1 2, 0.27425527572631835938
Client, localhost 54321 9550.txt, 1 2, 0.27718305587768554688
Client, localhost 54321 9550.txt, 1 2, 0.26351976394653320312
Client, localhost 54321 9550.txt, 1 2, 0.26937651634216308594
Client, localhost 54321 9550.txt, 1 2, 0.27132725715637207031
Client, localhost 54321 9550.txt, 1 2, 0.27233529090881347656
Client, localhost 54321 9550.txt, 1 2, 0.27233529090881347656
Client, localhost 54321 9550.txt, 1 2, 0.26352000236511230469
Client, localhost 54321 9550.txt, 1 2, 0.26446485519409179688
Client, localhost 54321 9550.txt, 1 2, 0.26547241210937500000
Client, localhost 54321 9550.txt, 1 2, 0.26742196083068847656
Client, localhost 54321 9550.txt, 1 2, 0.27231597900390625000
Client, localhost 54321 9550.txt, 1 2, 0.27619338035583496094
Client, localhost 54321 9550.txt, 1 2, 0.27718138694763183594
Client, localhost 54321 9550.txt, 1 2, 0.28108406066894531250
Client, localhost 54321 9550.txt, 1 2, 0.28107666969299316406
Client, localhost 54321 9550.txt, 1 2, 0.28694009780883789062
Client, localhost 54321 9550.txt, 1 2, 0.27815866470336914062
Client, localhost 54321 9550.txt, 1 2, 0.28303837776184082031
Client, localhost 54321 9550.txt, 1 2, 0.28499197959899902344
Client, localhost 54321 9550.txt, 1 2, 0.28694224357604980469
Client, localhost 54321 9550.txt, 1 2, 0.29084682464599609375
Client, localhost 54321 9550.txt, 1 2, 0.27233839035034179688
Client, localhost 54321 9550.txt, 1 2, 0.27331852912902832031
Client, localhost 54321 9550.txt, 1 2, 0.27429461479187011719
Client, localhost 54321 9550.txt, 1 2, 0.27426099777221679688
Client, localhost 54321 9550.txt, 1 2, 0.28209543228149414062
Client, localhost 54321 9550.txt, 1 2, 0.27327752113342285156
Client, localhost 54321 9550.txt, 1 2, 0.27715253829956054688
Client, localhost 54321 9550.txt, 1 2, 0.27718377113342285156
Client, localhost 54321 9550.txt, 1 2, 0.28008103370666503906
Client, localhost 54321 9550.txt, 1 2, 0.28401565551757812500
Client, localhost 54321 9550.txt, 1 2, 0.26254272460937500000
Client, localhost 54321 9550.txt, 1 2, 0.27034974098205566406
Client, localhost 54321 9550.txt, 1 2, 0.27132940292358398438
Client, localhost 54321 9550.txt, 1 2, 0.27227425575256347656
Client, localhost 54321 9550.txt, 1 2, 0.27816104888916015625
Client, localhost 54321 9550.txt, 1 2, 0.27425503730773925781
Client, localhost 54321 9550.txt, 1 2, 0.27620649337768554688
Client, localhost 54321 9550.txt, 1 2, 0.27718305587768554688
Client, localhost 54321 9550.txt, 1 2, 0.28206348419189453125
Client, localhost 54321 9550.txt, 1 2, 0.28010511398315429688
Client, localhost 54321 9550.txt, 1 2, 0.28108716011047363281
Client, localhost 54321 9550.txt, 1 2, 0.28499102592468261719
Client, localhost 54321 9550.txt, 1 2, 0.28499102592468261719
Client, localhost 54321 9550.txt, 1 2, 0.29084682464599609375
Client, localhost 54321 9550.txt, 1 2, 0.29084682464599609375
Client, localhost 54321 9550.txt, 1 2, 0.27035188674926757812
Client, localhost 54321 9550.txt, 1 2, 0.27230286598205566406
Client, localhost 54321 9550.txt, 1 2, 0.27913641929626464844
Client, localhost 54321 9550.txt, 1 2, 0.28011250495910644531
Client, localhost 54321 9550.txt, 1 2, 0.28108787536621093750
Client, localhost 54321 9550.txt, 1 2, 0.26351523399353027344
Client, localhost 54321 9550.txt, 1 2, 0.26647496223449707031
Client, localhost 54321 9550.txt, 1 2, 0.26940631866455078125
Client, localhost 54321 9550.txt, 1 2, 0.27038526535034179688
Client, localhost 54321 9550.txt, 1 2, 0.27038216590881347656
Client, localhost 54321 9550.txt, 1 2, 0.26644730567932128906
Client, localhost 54321 9550.txt, 1 2, 0.26940703392028808594
Client, localhost 54321 9550.txt, 1 2, 0.28014302253723144531
Client, localhost 54321 9550.txt, 1 2, 0.28011083602905273438
Client, localhost 54321 9550.txt, 1 2, 0.28108859062194824219
Client, localhost 54321 9550.txt, 1 2, 0.26644635200500488281
Client, localhost 54321 9550.txt, 1 2, 0.26839828491210937500
Client, localhost 54321 9550.txt, 1 2, 0.26937413215637207031
Client, localhost 54321 9550.txt, 1 2, 0.27230334281921386719
Client, localhost 54321 9550.txt, 1 2, 0.27715110778808593750
Client, localhost 54321 9550.txt, 1 2, 0.29084706306457519531
Client, localhost 54321 9550.txt, 1 2, 0.29084706306457519531
Client, localhost 54321 9550.txt, 1 2, 0.29185581207275390625
Client, localhost 54321 9550.txt, 1 2, 0.29088020324707031250
Client, localhost 54321 9550.txt, 1 2, 0.29963207244873046875
Client, localhost 54321 9550.txt, 1 2, 0.27523088455200195312
Client, localhost 54321 9550.txt, 1 2, 0.27718162536621093750
Client, localhost 54321 9550.txt, 1 2, 0.27718162536621093750
Client, localhost 54321 9550.txt, 1 2, 0.27620577812194824219
Client, localhost 54321 9550.txt, 1 2, 0.28303790092468261719
Client, localhost 54321 9550.txt, 1 2, 0.27327895164489746094
Client, localhost 54321 9550.txt, 1 2, 0.27230191230773925781
Client, localhost 54321 9550.txt, 1 2, 0.27816057205200195312
Client, localhost 54321 9550.txt, 1 2, 0.27816057205200195312
Client, localhost 54321 9550.txt, 1 2, 0.28108716011047363281
Client, localhost 54321 9550.txt, 1 2, 0.26742219924926757812
Client, localhost 54321 9550.txt, 1 2, 0.27230119705200195312
Client, localhost 54321 9550.txt, 1 2, 0.27523064613342285156
Client, localhost 54321 9550.txt, 1 2, 0.27620649337768554688
Client, localhost 54321 9550.txt, 1 2, 0.27718353271484375000
Client, localhost 54321 9550.txt, 1 2, 0.28692674636840820312
Client, localhost 54321 9550.txt, 1 2, 0.28889369964599609375
Client, localhost 54321 9550.txt, 1 2, 0.28888010978698730469
Client, localhost 54321 9550.txt, 1 2, 0.28892970085144042969
Client, localhost 54321 9550.txt, 1 2, 0.29180741310119628906
Client, localhost 54321 9550.txt, 1 2, 0.29084682464599609375
Client, localhost 54321 9550.txt, 1 2, 0.29279899597167968750
Client, localhost 54321 9550.txt, 1 2, 0.29279899597167968750
Client, localhost 54321 9550.txt, 1 2, 0.29377651214599609375
Client, localhost 54321 9550.txt, 1 2, 0.29572701454162597656
Client, localhost 54321 9550.txt, 1 2, 0.26937532424926757812
Client, localhost 54321 9550.txt, 1 2, 0.27428674697875976562
Client, localhost 54321 9550.txt, 1 2, 0.27428674697875976562
Client, localhost 54321 9550.txt, 1 2, 0.27721738815307617188
Client, localhost 54321 9550.txt, 1 2, 0.27815866470336914062
Client, localhost 54321 9550.txt, 1 2, 0.26937556266784667969
Client, localhost 54321 9550.txt, 1 2, 0.26937556266784667969
Client, localhost 54321 9550.txt, 1 2, 0.27038502693176269531
Client, localhost 54321 9550.txt, 1 2, 0.27331447601318359375
Client, localhost 54321 9550.txt, 1 2, 0.27331447601318359375
Client, localhost 54321 9550.txt, 1 2, 0.26738762855529785156
Client, localhost 54321 9550.txt, 1 2, 0.26644635200500488281
Client, localhost 54321 9550.txt, 1 2, 0.26839804649353027344
Client, localhost 54321 9550.txt, 1 2, 0.26839804649353027344
Client, localhost 54321 9550.txt, 1 2, 0.27523326873779296875
Client, localhost 54321 9550.txt, 1 2, 0.27425336837768554688
Client, localhost 54321 9550.txt, 1 2, 0.27425336837768554688
Client, localhost 54321 9550.txt, 1 2, 0.27425336837768554688
Client, localhost 54321 9550.txt, 1 2, 0.27620410919189453125
Client, localhost 54321 9550.txt, 1 2, 0.28401231765747070312
Client, localhost 54321 9550.txt, 1 2, 0.28206372261047363281
Client, localhost 54321 9550.txt, 1 2, 0.28791856765747070312
Client, localhost 54321 9550.txt, 1 2, 0.28889536857604980469
Client, localhost 54321 9550.txt, 1 2, 0.28889536857604980469
Client, localhost 54321 9550.txt, 1 2, 0.29182243347167968750
Client, localhost 54321 9550.txt, 1 2, 0.27425670623779296875
Client, localhost 54321 9550.txt, 1 2, 0.27425646781921386719
Client, localhost 54321 9550.txt, 1 2, 0.27523279190063476562
Client, localhost 54321 9550.txt, 1 2, 0.27721810340881347656
Client, localhost 54321 9550.txt, 1 2, 0.28206562995910644531
Client, localhost 54321 9550.txt, 1 2, 0.26937437057495117188
Client, localhost 54321 9550.txt, 1 2, 0.26937437057495117188
Client, localhost 54321 9550.txt, 1 2, 0.27034902572631835938
Client, localhost 54321 9550.txt, 1 2, 0.27034902572631835938
Client, localhost 54321 9550.txt, 1 2, 0.27526259422302246094
Client, localhost 54321 9550.txt, 1 2, 0.26449418067932128906
Client, localhost 54321 9550.txt, 1 2, 0.27035212516784667969
Client, localhost 54321 9550.txt, 1 2, 0.27035284042358398438
Client, localhost 54321 9550.txt, 1 2, 0.27132821083068847656
Client, localhost 54321 9550.txt, 1 2, 0.28007864952087402344
Client, localhost 54321 9550.txt, 1 2, 0.26449465751647949219
Client, localhost 54321 9550.txt, 1 2, 0.26937484741210937500
Client, localhost 54321 9550.txt, 1 2, 0.27230381965637207031
Client, localhost 54321 9550.txt, 1 2, 0.27913570404052734375
Client, localhost 54321 9550.txt, 1 2, 0.27913570404052734375
Client, localhost 54321 9550.txt, 1 2, 0.28791904449462890625
Client, localhost 54321 9550.txt, 1 2, 0.28987145423889160156
Client, localhost 54321 9550.txt, 1 2, 0.29279899597167968750
Client, localhost 54321 9550.txt, 1 2, 0.29279899597167968750
Client, localhost 54321 9550.txt, 1 2, 0.29475307464599609375
Client, localhost 54321 9550.txt, 1 2, 0.27327847480773925781
Client, localhost 54321 9550.txt, 1 2, 0.27815771102905273438
Client, localhost 54321 9550.txt, 1 2, 0.28401207923889160156
Client, localhost 54321 9550.txt, 1 2, 0.28303813934326171875
Client, localhost 54321 9550.txt, 1 2, 0.28498768806457519531
Client, localhost 54321 9550.txt, 1 2, 0.28011059761047363281
Client, localhost 54321 9550.txt, 1 2, 0.28011059761047363281
Client, localhost 54321 9550.txt, 1 2, 0.28108668327331542969
Client, localhost 54321 9550.txt, 1 2, 0.28108668327331542969
Client, localhost 54321 9550.txt, 1 2, 0.28206229209899902344
Client, localhost 54321 9550.txt, 1 2, 0.26937508583068847656
Client, localhost 54321 9550.txt, 1 2, 0.27035045623779296875
Client, localhost 54321 9550.txt, 1 2, 0.27620673179626464844
Client, localhost 54321 9550.txt, 1 2, 0.27815771102905273438
Client, localhost 54321 9550.txt, 1 2, 0.28011107444763183594
Client, localhost 54321 9550.txt, 1 2, 0.26745057106018066406
Client, localhost 54321 9550.txt, 1 2, 0.27132725715637207031
Client, localhost 54321 9550.txt, 1 2, 0.27327871322631835938
Client, localhost 54321 9550.txt, 1 2, 0.27623391151428222656
Client, localhost 54321 9550.txt, 1 2, 0.28014492988586425781
Client, localhost 54321 9550.txt, 1 2, 0.28596735000610351562
Client, localhost 54321 9550.txt, 1 2, 0.28791832923889160156
Client, localhost 54321 9550.txt, 1 2, 0.28791832923889160156
Client, localhost 54321 9550.txt, 1 2, 0.29377603530883789062
Client, localhost 54321 9550.txt, 1 2, 0.29471802711486816406
Client, localhost 54321 9550.txt, 1 2, 0.27425384521484375000
Client, localhost 54321 9550.txt, 1 2, 0.27620553970336914062
Client, localhost 54321 9550.txt, 1 2, 0.27815747261047363281
Client, localhost 54321 9550.txt, 1 2, 0.28401422500610351562
Client, localhost 54321 9550.txt, 1 2, 0.28401374816894531250
Client, localhost 54321 9550.txt, 1 2, 0.26644754409790039062
Client, localhost 54321 9550.txt, 1 2, 0.26547122001647949219
Client, localhost 54321 9550.txt, 1 2, 0.26937556266784667969
Client, localhost 54321 9550.txt, 1 2, 0.27132701873779296875
Client, localhost 54321 9550.txt, 1 2, 0.27523088455200195312
Client, localhost 54321 9550.txt, 1 2, 0.26449513435363769531
Client, localhost 54321 9550.txt, 1 2, 0.26839923858642578125
Client, localhost 54321 9550.txt, 1 2, 0.27035093307495117188
Client, localhost 54321 9550.txt, 1 2, 0.27620720863342285156
Client, localhost 54321 9550.txt, 1 2, 0.27815914154052734375
Client, localhost 54321 9550.txt, 1 2, 0.27425456047058105469
Client, localhost 54321 9550.txt, 1 2, 0.27425599098205566406
Client, localhost 54321 9550.txt, 1 2, 0.27523040771484375000
Client, localhost 54321 9550.txt, 1 2, 0.27718234062194824219
Client, localhost 54321 9550.txt, 1 2, 0.27718281745910644531
Client, localhost 54321 9550.txt, 1 2, 0.28889608383178710938
Client, localhost 54321 9550.txt, 1 2, 0.28791975975036621094
Client, localhost 54321 9550.txt, 1 2, 0.28892636299133300781
Client, localhost 54321 9550.txt, 1 2, 0.29279899597167968750
Client, localhost 54321 9550.txt, 1 2, 0.29475045204162597656
Client, localhost 54321 9550.txt, 1 2, 0.27718591690063476562
Client, localhost 54321 9550.txt, 1 2, 0.27718591690063476562
Client, localhost 54321 9550.txt, 1 2, 0.27815866470336914062
Client, localhost 54321 9550.txt, 1 2, 0.27815866470336914062
Client, localhost 54321 9550.txt, 1 2, 0.28108596801757812500
Client, localhost 54321 9550.txt, 1 2, 0.26937389373779296875
Client, localhost 54321 9550.txt, 1 2, 0.27035093307495117188
Client, localhost 54321 9550.txt, 1 2, 0.27327919006347656250
Client, localhost 54321 9550.txt, 1 2, 0.27620768547058105469
Client, localhost 54321 9550.txt, 1 2, 0.27815961837768554688
Client, localhost 54321 9550.txt, 1 2, 0.27230238914489746094
Client, localhost 54321 9550.txt, 1 2, 0.27428674697875976562
Client, localhost 54321 9550.txt, 1 2, 0.27718400955200195312
Client, localhost 54321 9550.txt, 1 2, 0.27816009521484375000
Client, localhost 54321 9550.txt, 1 2, 0.28111815452575683594
Client, localhost 54321 9550.txt, 1 2, 0.27230429649353027344
Client, localhost 54321 9550.txt, 1 2, 0.27519893646240234375
Client, localhost 54321 9550.txt, 1 2, 0.27523064613342285156
Client, localhost 54321 9550.txt, 1 2, 0.27617454528808593750
Client, localhost 54321 9550.txt, 1 2, 0.28398370742797851562
Client, localhost 54321 9550.txt, 1 2, 0.29475092887878417969
Client, localhost 54321 9550.txt, 1 2, 0.29670214653015136719
Client, localhost 54321 9550.txt, 1 2, 0.29767751693725585938
Client, localhost 54321 9550.txt, 1 2, 0.30255746841430664062
Client, localhost 54321 9550.txt, 1 2, 0.30646157264709472656
Client, localhost 54321 9550.txt, 1 2, 0.27718353271484375000
Client, localhost 54321 9550.txt, 1 2, 0.27913546562194824219
Client, localhost 54321 9550.txt, 1 2, 0.27913522720336914062
Client, localhost 54321 9550.txt, 1 2, 0.28401517868041992188
Client, localhost 54321 9550.txt, 1 2, 0.28596901893615722656
Client, localhost 54321 9550.txt, 1 2, 0.27035331726074218750
Client, localhost 54321 9550.txt, 1 2, 0.27523207664489746094
Client, localhost 54321 9550.txt, 1 2, 0.27815890312194824219
Client, localhost 54321 9550.txt, 1 2, 0.27718234062194824219
Client, localhost 54321 9550.txt, 1 2, 0.27815914154052734375
Client, localhost 54321 9550.txt, 1 2, 0.27230262756347656250
Client, localhost 54321 9550.txt, 1 2, 0.27522969245910644531
Client, localhost 54321 9550.txt, 1 2, 0.27620601654052734375
Client, localhost 54321 9550.txt, 1 2, 0.28010964393615722656
Client, localhost 54321 9550.txt, 1 2, 0.28108596801757812500
Client, localhost 54321 9550.txt, 1 2, 0.27522873878479003906
Client, localhost 54321 9550.txt, 1 2, 0.27522873878479003906
Client, localhost 54321 9550.txt, 1 2, 0.27620506286621093750
Client, localhost 54321 9550.txt, 1 2, 0.28108453750610351562
Client, localhost 54321 9550.txt, 1 2, 0.28304052352905273438
Client, localhost 54321 9550.txt, 1 2, 0.28303766250610351562
Client, localhost 54321 9550.txt, 1 2, 0.28498911857604980469
Client, localhost 54321 9550.txt, 1 2, 0.28500723838806152344
Client, localhost 54321 9550.txt, 1 2, 0.28889441490173339844
Client, localhost 54321 9550.txt, 1 2, 0.29377865791320800781
Client, localhost 54321 9550.txt, 1 2, 0.27913546562194824219
Client, localhost 54321 9550.txt, 1 2, 0.28107166290283203125
Client, localhost 54321 9550.txt, 1 2, 0.28204798698425292969
Client, localhost 54321 9550.txt, 1 2, 0.28887891769409179688
Client, localhost 54321 9550.txt, 1 2, 0.28892850875854492188
Client, localhost 54321 9550.txt, 1 2, 0.27230286598205566406
Client, localhost 54321 9550.txt, 1 2, 0.27428555488586425781
Client, localhost 54321 9550.txt, 1 2, 0.27620744705200195312
Client, localhost 54321 9550.txt, 1 2, 0.27913522720336914062
Client, localhost 54321 9550.txt, 1 2, 0.28300428390502929688
Client, localhost 54321 9550.txt, 1 2, 0.26839923858642578125
Client, localhost 54321 9550.txt, 1 2, 0.28011083602905273438
Client, localhost 54321 9550.txt, 1 2, 0.28307080268859863281
Client, localhost 54321 9550.txt, 1 2, 0.28599977493286132812
Client, localhost 54321 9550.txt, 1 2, 0.29087948799133300781
Client, localhost 54321 9550.txt, 1 2, 0.26839590072631835938
Client, localhost 54321 9550.txt, 1 2, 0.26742434501647949219
Client, localhost 54321 9550.txt, 1 2, 0.27327847480773925781
Client, localhost 54321 9550.txt, 1 2, 0.27913212776184082031
Client, localhost 54321 9550.txt, 1 2, 0.27913212776184082031
Client, localhost 54321 9550.txt, 1 2, 0.27913355827331542969
Client, localhost 54321 9550.txt, 1 2, 0.28206133842468261719
Client, localhost 54321 9550.txt, 1 2, 0.28303837776184082031
Client, localhost 54321 9550.txt, 1 2, 0.28401422500610351562
Client, localhost 54321 9550.txt, 1 2, 0.28694272041320800781
Client, localhost 54321 9550.txt, 1 2, 0.27913403511047363281
Client, localhost 54321 9550.txt, 1 2, 0.28206133842468261719
Client, localhost 54321 9550.txt, 1 2, 0.28303742408752441406
Client, localhost 54321 9550.txt, 1 2, 0.28791737556457519531
Client, localhost 54321 9550.txt, 1 2, 0.28791904449462890625
Client, localhost 54321 9550.txt, 1 2, 0.27037644386291503906
Client, localhost 54321 9550.txt, 1 2, 0.27133679389953613281
Client, localhost 54321 9550.txt, 1 2, 0.27428793907165527344
Client, localhost 54321 9550.txt, 1 2, 0.27526426315307617188
Client, localhost 54321 9550.txt, 1 2, 0.28111052513122558594
Client, localhost 54321 9550.txt, 1 2, 0.28011083602905273438
Client, localhost 54321 9550.txt, 1 2, 0.28404664993286132812
Client, localhost 54321 9550.txt, 1 2, 0.28404664993286132812
Client, localhost 54321 9550.txt, 1 2, 0.29960632324218750000
Client, localhost 54321 9550.txt, 1 2, 0.30158710479736328125
Client, localhost 54321 9550.txt, 1 2, 0.26840090751647949219
Client, localhost 54321 9550.txt, 1 2, 0.27913188934326171875
Client, localhost 54321 9550.txt, 1 2, 0.28011584281921386719
Client, localhost 54321 9550.txt, 1 2, 0.28011584281921386719
Client, localhost 54321 9550.txt, 1 2, 0.28304004669189453125
Client, localhost 54321 9550.txt, 1 2, 0.28596544265747070312
Client, localhost 54321 9550.txt, 1 2, 0.28791785240173339844
Client, localhost 54321 9550.txt, 1 2, 0.28694343566894531250
Client, localhost 54321 9550.txt, 1 2, 0.28694343566894531250
Client, localhost 54321 9550.txt, 1 2, 0.28791785240173339844
Client, localhost 54321 9550.txt, 1 2, 0.27913498878479003906
Client, localhost 54321 9550.txt, 1 2, 0.28209495544433593750
Client, localhost 54321 9550.txt, 1 2, 0.28306937217712402344
Client, localhost 54321 9550.txt, 1 2, 0.28306937217712402344
Client, localhost 54321 9550.txt, 1 2, 0.28990173339843750000
Client, localhost 54321 9550.txt, 1 2, 0.27132606506347656250
Client, localhost 54321 9550.txt, 1 2, 0.27035093307495117188
Client, localhost 54321 9550.txt, 1 2, 0.27329707145690917969
Client, localhost 54321 9550.txt, 1 2, 0.27819204330444335938
Client, localhost 54321 9550.txt, 1 2, 0.28112006187438964844
Client, localhost 54321 9550.txt, 1 2, 0.28303837776184082031
Client, localhost 54321 9550.txt, 1 2, 0.28792071342468261719
Client, localhost 54321 9550.txt, 1 2, 0.28889584541320800781
Client, localhost 54321 9550.txt, 1 2, 0.29280161857604980469
Client, localhost 54321 9550.txt, 1 2, 0.30646419525146484375
Client, localhost 54321 9550.txt, 1 2, 0.27132868766784667969
Client, localhost 54321 9550.txt, 1 2, 0.27425622940063476562
Client, localhost 54321 9550.txt, 1 2, 0.27718448638916015625
Client, localhost 54321 9550.txt, 1 2, 0.28011989593505859375
Client, localhost 54321 9550.txt, 1 2, 0.28398156166076660156
Client, localhost 54321 9550.txt, 1 2, 0.27913379669189453125
Client, localhost 54321 9550.txt, 1 2, 0.27913379669189453125
Client, localhost 54321 9550.txt, 1 2, 0.28108668327331542969
Client, localhost 54321 9550.txt, 1 2, 0.28306984901428222656
Client, localhost 54321 9550.txt, 1 2, 0.28502559661865234375
Client, localhost 54321 9550.txt, 1 2, 0.27620553970336914062
Client, localhost 54321 9550.txt, 1 2, 0.28303933143615722656
Client, localhost 54321 9550.txt, 1 2, 0.28502297401428222656
Client, localhost 54321 9550.txt, 1 2, 0.28697156906127929688
Client, localhost 54321 9550.txt, 1 2, 0.28794932365417480469
Client, localhost 54321 9550.txt, 1 2, 0.27425646781921386719
Client, localhost 54321 9550.txt, 1 2, 0.27910590171813964844
Client, localhost 54321 9550.txt, 1 2, 0.28011131286621093750
Client, localhost 54321 9550.txt, 1 2, 0.28404831886291503906
Client, localhost 54321 9550.txt, 1 2, 0.28794908523559570312
Client, localhost 54321 9550.txt, 1 2, 0.29084682464599609375
Client, localhost 54321 9550.txt, 1 2, 0.29276990890502929688
Client, localhost 54321 9550.txt, 1 2, 0.29279828071594238281
Client, localhost 54321 9550.txt, 1 2, 0.29475212097167968750
Client, localhost 54321 9550.txt, 1 2, 0.30255818367004394531
Client, localhost 54321 9550.txt, 1 2, 0.27816128730773925781
Client, localhost 54321 9550.txt, 1 2, 0.27816104888916015625
Client, localhost 54321 9550.txt, 1 2, 0.28011155128479003906
Client, localhost 54321 9550.txt, 1 2, 0.28110218048095703125
Client, localhost 54321 9550.txt, 1 2, 0.28012609481811523438
Client, localhost 54321 9550.txt, 1 2, 0.28009772300720214844
Client, localhost 54321 9550.txt, 1 2, 0.28011631965637207031
Client, localhost 54321 9550.txt, 1 2, 0.28307032585144042969
Client, localhost 54321 9550.txt, 1 2, 0.28697490692138671875
Client, localhost 54321 9550.txt, 1 2, 0.29185390472412109375
