Server, localhost 54321, , 0.22838306427001953125
Client, localhost 5431 9550.txt, 1 2, 0.26644730567932128906
Client, localhost 5431 9550.txt, 1 2, 0.27427935600280761719
Client, localhost 5431 9550.txt, 1 2, 0.27526307106018066406
Client, localhost 5431 9550.txt, 1 2, 0.27624082565307617188
Client, localhost 5431 9550.txt, 1 2, 0.27720189094543457031
Client, localhost 5431 9550.txt, 1 2, 0.27720189094543457031
Client, localhost 5431 9550.txt, 1 2, 0.28498888015747070312
Client, localhost 5431 9550.txt, 1 2, 0.28401422500610351562
Client, localhost 5431 9550.txt, 1 2, 0.29380655288696289062
Client, localhost 5431 9550.txt, 1 2, 0.29572844505310058594
Client, localhost 5431 9550.txt, 1 2, 0.29963135719299316406
Client, localhost 5431 9550.txt, 1 2, 0.30553460121154785156
Client, localhost 5431 9550.txt, 1 2, 0.28108572959899902344
Client, localhost 5431 9550.txt, 1 2, 0.28401350975036621094
Client, localhost 5431 9550.txt, 1 2, 0.28303503990173339844
Client, localhost 5431 9550.txt, 1 2, 0.28401088714599609375
Client, localhost 5431 9550.txt, 1 2, 0.28786897659301757812
Client, localhost 5431 9550.txt, 1 2, 0.28693890571594238281
Client, localhost 5431 9550.txt, 1 2, 0.29865550994873046875
Client, localhost 5431 9550.txt, 1 2, 0.29767942428588867188
Client, localhost 5431 9550.txt, 1 2, 0.29965853691101074219
Client, localhost 5431 9550.txt, 1 2, 0.29965782165527343750
Client, localhost 5431 9550.txt, 1 2, 0.30060696601867675781
Client, localhost 5431 9550.txt, 1 2, 0.30646347999572753906
Client, localhost 5431 9550.txt, 1 2, 0.27132606506347656250
Client, localhost 5431 9550.txt, 1 2, 0.27132773399353027344
Client, localhost 5431 9550.txt, 1 2, 0.27621388435363769531
Client, localhost 5431 9550.txt, 1 2, 0.27815937995910644531
Client, localhost 5431 9550.txt, 1 2, 0.28011202812194824219
Client, localhost 5431 9550.txt, 1 2, 0.28599739074707031250
Client, localhost 5431 9550.txt, 1 2, 0.27230238914489746094
Client, localhost 5431 9550.txt, 1 2, 0.27326822280883789062
Client, localhost 5431 9550.txt, 1 2, 0.27617502212524414062
Client, localhost 5431 9550.txt, 1 2, 0.27720522880554199219
Client, localhost 5431 9550.txt, 1 2, 0.27623939514160156250
Client, localhost 5431 9550.txt, 1 2, 0.27720522880554199219
Client, localhost 5431 9550.txt, 1 2, 0.28108596801757812500
Client, localhost 5431 9550.txt, 1 2, 0.28889560699462890625
Client, localhost 5431 9550.txt, 1 2, 0.29868245124816894531
Client, localhost 5431 9550.txt, 1 2, 0.29965734481811523438
Client, localhost 5431 9550.txt, 1 2, 0.30353450775146484375
Client, localhost 5431 9550.txt, 1 2, 0.30747365951538085938
Client, localhost 5431 9550.txt, 1 2, 0.28007626533508300781
Client, localhost 5431 9550.txt, 1 2, 0.28011059761047363281
Client, localhost 5431 9550.txt, 1 2, 0.28011059761047363281
Client, localhost 5431 9550.txt, 1 2, 0.28108620643615722656
Client, localhost 5431 9550.txt, 1 2, 0.28011083602905273438
Client, localhost 5431 9550.txt, 1 2, 0.28596687316894531250
Client, localhost 5431 9550.txt, 1 2, 0.28401446342468261719
Client, localhost 5431 9550.txt, 1 2, 0.28599429130554199219
Client, localhost 5431 9550.txt, 1 2, 0.28987121582031250000
Client, localhost 5431 9550.txt, 1 2, 0.28987503051757812500
Client, localhost 5431 9550.txt, 1 2, 0.29085063934326171875
Client, localhost 5431 9550.txt, 1 2, 0.29478216171264648438
Client, localhost 5431 9550.txt, 1 2, 0.27623248100280761719
Client, localhost 5431 9550.txt, 1 2, 0.27815747261047363281
Client, localhost 5431 9550.txt, 1 2, 0.27816057205200195312
Client, localhost 5431 9550.txt, 1 2, 0.27916359901428222656
Client, localhost 5431 9550.txt, 1 2, 0.28209757804870605469
Client, localhost 5431 9550.txt, 1 2, 0.28401422500610351562
Server, localhost 54321, , 0.22643113136291503906
Client, localhost 5431 9550.txt, 1 2, 0.26742386817932128906
Client, localhost 5431 9550.txt, 1 2, 0.27132606506347656250
Client, localhost 5431 9550.txt, 1 2, 0.27230286598205566406
Client, localhost 5431 9550.txt, 1 2, 0.27620625495910644531
Client, localhost 5431 9550.txt, 1 2, 0.27620625495910644531
Client, localhost 5431 9550.txt, 1 2, 0.27815794944763183594
Client, localhost 5431 9550.txt, 1 2, 0.27132606506347656250
Client, localhost 5431 9550.txt, 1 2, 0.27327656745910644531
Client, localhost 5431 9550.txt, 1 2, 0.27327942848205566406
Client, localhost 5431 9550.txt, 1 2, 0.27815937995910644531
Client, localhost 5431 9550.txt, 1 2, 0.27913355827331542969
Client, localhost 5431 9550.txt, 1 2, 0.28304052352905273438
Client, localhost 5431 9550.txt, 1 2, 0.27326369285583496094
Client, localhost 5431 9550.txt, 1 2, 0.27132844924926757812
Client, localhost 5431 9550.txt, 1 2, 0.27327895164489746094
Client, localhost 5431 9550.txt, 1 2, 0.27425527572631835938
Client, localhost 5431 9550.txt, 1 2, 0.27622318267822265625
Client, localhost 5431 9550.txt, 1 2, 0.27816104888916015625
Client, localhost 5431 9550.txt, 1 2, 0.27132487297058105469
Client, localhost 5431 9550.txt, 1 2, 0.27230238914489746094
Client, localhost 5431 9550.txt, 1 2, 0.27523016929626464844
Client, localhost 5431 9550.txt, 1 2, 0.27523016929626464844
Client, localhost 5431 9550.txt, 1 2, 0.27913260459899902344
Client, localhost 5431 9550.txt, 1 2, 0.27913355827331542969
Client, localhost 5431 9550.txt, 1 2, 0.29182434082031250000
Client, localhost 5431 9550.txt, 1 2, 0.29475259780883789062
Client, localhost 5431 9550.txt, 1 2, 0.29377532005310058594
Client, localhost 5431 9550.txt, 1 2, 0.29475164413452148438
Client, localhost 5431 9550.txt, 1 2, 0.29670286178588867188
Client, localhost 5431 9550.txt, 1 2, 0.30060768127441406250
Client, localhost 5431 9550.txt, 1 2, 0.27229905128479003906
Client, localhost 5431 9550.txt, 1 2, 0.27229905128479003906
Client, localhost 5431 9550.txt, 1 2, 0.27035188674926757812
Client, localhost 5431 9550.txt, 1 2, 0.27230334281921386719
Client, localhost 5431 9550.txt, 1 2, 0.27426457405090332031
Client, localhost 5431 9550.txt, 1 2, 0.27620673179626464844
Client, localhost 5431 9550.txt, 1 2, 0.27033567428588867188
Client, localhost 5431 9550.txt, 1 2, 0.27033567428588867188
Client, localhost 5431 9550.txt, 1 2, 0.26937294006347656250
Client, localhost 5431 9550.txt, 1 2, 0.27034950256347656250
Client, localhost 5431 9550.txt, 1 2, 0.27034950256347656250
Client, localhost 5431 9550.txt, 1 2, 0.27427315711975097656
Client, localhost 5431 9550.txt, 1 2, 0.26640391349792480469
Client, localhost 5431 9550.txt, 1 2, 0.26937484741210937500
Client, localhost 5431 9550.txt, 1 2, 0.27228879928588867188
Client, localhost 5431 9550.txt, 1 2, 0.27135562896728515625
Client, localhost 5431 9550.txt, 1 2, 0.27617335319519042969
Client, localhost 5431 9550.txt, 1 2, 0.27811527252197265625
Client, localhost 5431 9550.txt, 1 2, 0.27523136138916015625
Client, localhost 5431 9550.txt, 1 2, 0.27620482444763183594
Client, localhost 5431 9550.txt, 1 2, 0.28011155128479003906
Client, localhost 5431 9550.txt, 1 2, 0.28499174118041992188
Client, localhost 5431 9550.txt, 1 2, 0.28498983383178710938
Client, localhost 5431 9550.txt, 1 2, 0.28990364074707031250
Client, localhost 5431 9550.txt, 1 2, 0.27714657783508300781
Client, localhost 5431 9550.txt, 1 2, 0.28495907783508300781
Client, localhost 5431 9550.txt, 1 2, 0.28694343566894531250
Client, localhost 5431 9550.txt, 1 2, 0.29081201553344726562
Client, localhost 5431 9550.txt, 1 2, 0.29084682464599609375
Client, localhost 5431 9550.txt, 1 2, 0.29374003410339355469
